{"train_accuracy": 0.013071895577013493, "train_learning_rate": 4.998366421204992e-06, "train_loss": 7.638724327087402, "_timestamp": 1666873736.2289338, "_runtime": 518.5180978775024, "_step": 1, "_wandb": {"runtime": 518}}