{"eval_accuracy": 0.008219177834689617, "eval_loss": 5.8516459465026855, "_timestamp": 1666871507.713896, "_runtime": 89.78771495819092, "_step": 1, "_wandb": {"runtime": 89}}