{"eval_accuracy": 0.008219177834689617, "eval_loss": 5.851645469665527, "_timestamp": 1666872297.6180232, "_runtime": 79.15386414527893, "_step": 1, "_wandb": {"runtime": 78}}